District Name,Level,doe_enrollment,nces_enrollment
ALPINE,Elementary,37908.0,38176
ALPINE,High,31629.0,30454
ALPINE,K,7220.0,7054
ALPINE,Middle,23337.0,22590
ALPINE,Pre-K,1920.0,2496
BOX ELDER,Elementary,4731.0,4875
BOX ELDER,High,3974.0,3981
BOX ELDER,K,853.0,873
BOX ELDER,Middle,2926.0,2954
BOX ELDER,Pre-K,334.0,346
CANYONS,Elementary,12914.0,13898
CANYONS,High,12598.0,12092
CANYONS,K,2180.0,2353
CANYONS,Middle,8947.0,8775
CANYONS,Pre-K,460.0,494
DAVIS COUNTY,Elementary,27665.0,29562
DAVIS COUNTY,High,26073.0,26476
DAVIS COUNTY,K,4644.0,5141
DAVIS COUNTY,Middle,19057.0,19051
DAVIS COUNTY,Pre-K,1582.0,1773
GRANITE,Elementary,24183.0,25048
GRANITE,High,21540.0,22322
GRANITE,K,4411.0,4365
GRANITE,Middle,15553.0,15623
GRANITE,Pre-K,1582.0,2031
JORDAN,Elementary,23287.0,25247
JORDAN,High,23602.0,23537
JORDAN,K,4100.0,4210
JORDAN,Middle,16149.0,16390
JORDAN,Pre-K,1567.0,1757
MURRAY CITY,Elementary,2413.0,2528
MURRAY CITY,High,2638.0,2631
MURRAY CITY,K,461.0,417
MURRAY CITY,Middle,1767.0,1750
MURRAY CITY,Pre-K,124.0,139
NEBO,Elementary,14301.0,18548
NEBO,High,12386.0,14036
NEBO,K,2733.0,3426
NEBO,Middle,8926.0,11135
NEBO,Pre-K,871.0,952
OGDEN CITY,Elementary,5047.0,5202
OGDEN CITY,High,4571.0,4964
OGDEN CITY,K,982.0,1048
OGDEN CITY,Middle,2795.0,2854
OGDEN CITY,Pre-K,252.0,307
PROVO CITY,Elementary,5581.0,5846
PROVO CITY,High,4917.0,4959
PROVO CITY,K,992.0,1178
PROVO CITY,Middle,3488.0,3578
PROVO CITY,Pre-K,447.0,423
SALT LAKE CITY,Elementary,8195.0,8462
SALT LAKE CITY,High,6567.0,7785
SALT LAKE CITY,K,1507.0,1510
SALT LAKE CITY,Middle,4754.0,5159
SALT LAKE CITY,Pre-K,610.0,647
WEBER COUNTY,Elementary,12802.0,13459
WEBER COUNTY,High,11233.0,10943
WEBER COUNTY,K,2160.0,2315
WEBER COUNTY,Middle,8430.0,8684
WEBER COUNTY,Pre-K,322.0,315
