District Name,age,persons
ALPINE,3,8816
ALPINE,4,8436
ALPINE,5,9434
ALPINE,6,11531
ALPINE,7,9643
ALPINE,8,9358
ALPINE,9,10235
ALPINE,10,8664
ALPINE,11,8516
ALPINE,12,8575
ALPINE,13,8025
ALPINE,14,7967
ALPINE,15,7632
ALPINE,16,7419
ALPINE,17,5766
ALPINE,18,10234
BOX ELDER,3,555
BOX ELDER,4,524
BOX ELDER,5,525
BOX ELDER,6,653
BOX ELDER,7,413
BOX ELDER,8,468
BOX ELDER,9,716
BOX ELDER,10,401
BOX ELDER,11,253
BOX ELDER,12,675
BOX ELDER,13,718
BOX ELDER,14,642
BOX ELDER,15,724
BOX ELDER,16,698
BOX ELDER,17,384
BOX ELDER,18,622
CANYONS,3,2258
CANYONS,4,4195
CANYONS,5,3848
CANYONS,6,2441
CANYONS,7,3849
CANYONS,8,2769
CANYONS,9,4490
CANYONS,10,2670
CANYONS,11,4056
CANYONS,12,3086
CANYONS,13,3524
CANYONS,14,3727
CANYONS,15,3715
CANYONS,16,2429
CANYONS,17,1578
CANYONS,18,2821
DAVIS COUNTY,3,5940
DAVIS COUNTY,4,6122
DAVIS COUNTY,5,7644
DAVIS COUNTY,6,6664
DAVIS COUNTY,7,6825
DAVIS COUNTY,8,9332
DAVIS COUNTY,9,6212
DAVIS COUNTY,10,9442
DAVIS COUNTY,11,6085
DAVIS COUNTY,12,7443
DAVIS COUNTY,13,5848
DAVIS COUNTY,14,5429
DAVIS COUNTY,15,7922
DAVIS COUNTY,16,4178
DAVIS COUNTY,17,4973
DAVIS COUNTY,18,6654
GRANITE,3,5915
GRANITE,4,5725
GRANITE,5,6246
GRANITE,6,7126
GRANITE,7,6528
GRANITE,8,6184
GRANITE,9,5847
GRANITE,10,7717
GRANITE,11,5840
GRANITE,12,7143
GRANITE,13,5739
GRANITE,14,6044
GRANITE,15,5618
GRANITE,16,5941
GRANITE,17,4299
GRANITE,18,5440
JORDAN,3,4595
JORDAN,4,5584
JORDAN,5,5551
JORDAN,6,7206
JORDAN,7,6765
JORDAN,8,6120
JORDAN,9,5770
JORDAN,10,6404
JORDAN,11,8317
JORDAN,12,5528
JORDAN,13,6260
JORDAN,14,5068
JORDAN,15,5489
JORDAN,16,5329
JORDAN,17,3092
JORDAN,18,5048
MURRAY CITY,3,416
MURRAY CITY,4,421
MURRAY CITY,5,302
MURRAY CITY,6,546
MURRAY CITY,7,633
MURRAY CITY,8,386
MURRAY CITY,9,350
MURRAY CITY,10,545
MURRAY CITY,11,339
MURRAY CITY,12,486
MURRAY CITY,13,428
MURRAY CITY,14,549
MURRAY CITY,15,439
MURRAY CITY,16,434
MURRAY CITY,17,429
MURRAY CITY,18,534
NEBO,3,3332
NEBO,4,2844
NEBO,5,3536
NEBO,6,3468
NEBO,7,3888
NEBO,8,3733
NEBO,9,3240
NEBO,10,4218
NEBO,11,3346
NEBO,12,4075
NEBO,13,4001
NEBO,14,2787
NEBO,15,3065
NEBO,16,2448
NEBO,17,1541
NEBO,18,3165
OGDEN CITY,3,1023
OGDEN CITY,4,823
OGDEN CITY,5,932
OGDEN CITY,6,920
OGDEN CITY,7,1107
OGDEN CITY,8,940
OGDEN CITY,9,1045
OGDEN CITY,10,1397
OGDEN CITY,11,1369
OGDEN CITY,12,901
OGDEN CITY,13,1250
OGDEN CITY,14,782
OGDEN CITY,15,1255
OGDEN CITY,16,832
OGDEN CITY,17,1022
OGDEN CITY,18,1180
PROVO CITY,3,986
PROVO CITY,4,1347
PROVO CITY,5,1625
PROVO CITY,6,1588
PROVO CITY,7,885
PROVO CITY,8,928
PROVO CITY,9,1005
PROVO CITY,10,735
PROVO CITY,11,1143
PROVO CITY,12,1016
PROVO CITY,13,1422
PROVO CITY,14,1978
PROVO CITY,15,1220
PROVO CITY,16,599
PROVO CITY,17,837
PROVO CITY,18,4544
SALT LAKE CITY,3,2314
SALT LAKE CITY,4,1369
SALT LAKE CITY,5,1502
SALT LAKE CITY,6,1428
SALT LAKE CITY,7,2236
SALT LAKE CITY,8,1177
SALT LAKE CITY,9,2527
SALT LAKE CITY,10,2278
SALT LAKE CITY,11,2315
SALT LAKE CITY,12,2047
SALT LAKE CITY,13,1548
SALT LAKE CITY,14,2142
SALT LAKE CITY,15,2279
SALT LAKE CITY,16,1622
SALT LAKE CITY,17,1076
SALT LAKE CITY,18,3486
WEBER COUNTY,3,2108
WEBER COUNTY,4,2208
WEBER COUNTY,5,3331
WEBER COUNTY,6,2285
WEBER COUNTY,7,2480
WEBER COUNTY,8,3188
WEBER COUNTY,9,2605
WEBER COUNTY,10,3279
WEBER COUNTY,11,4042
WEBER COUNTY,12,3649
WEBER COUNTY,13,2713
WEBER COUNTY,14,3672
WEBER COUNTY,15,3064
WEBER COUNTY,16,2548
WEBER COUNTY,17,1914
WEBER COUNTY,18,2271
