District Name,sch_grade,Level
ALPINE,9453,Pre-K
BOX ELDER,677,Pre-K
CANYONS,4574,Pre-K
DAVIS COUNTY,6149,Pre-K
GRANITE,4686,Pre-K
JORDAN,7078,Pre-K
MURRAY CITY,417,Pre-K
NEBO,3240,Pre-K
OGDEN CITY,890,Pre-K
PROVO CITY,1232,Pre-K
SALT LAKE CITY,1828,Pre-K
WEBER COUNTY,2445,Pre-K
ALPINE,11920,K
BOX ELDER,489,K
CANYONS,2506,K
DAVIS COUNTY,7083,K
GRANITE,6174,K
JORDAN,5060,K
MURRAY CITY,490,K
NEBO,4056,K
OGDEN CITY,1165,K
PROVO CITY,1076,K
SALT LAKE CITY,1712,K
WEBER COUNTY,3620,K
ALPINE,45180,Elementary
BOX ELDER,2421,Elementary
CANYONS,17031,Elementary
DAVIS COUNTY,36420,Elementary
GRANITE,33570,Elementary
JORDAN,32434,Elementary
MURRAY CITY,2349,Elementary
NEBO,17487,Elementary
OGDEN CITY,5411,Elementary
PROVO CITY,4699,Elementary
SALT LAKE CITY,9397,Elementary
WEBER COUNTY,12899,Elementary
ALPINE,23750,Middle
BOX ELDER,1642,Middle
CANYONS,9737,Middle
DAVIS COUNTY,18776,Middle
GRANITE,18607,Middle
JORDAN,18463,Middle
MURRAY CITY,1338,Middle
NEBO,11112,Middle
OGDEN CITY,2935,Middle
PROVO CITY,3921,Middle
SALT LAKE CITY,6055,Middle
WEBER COUNTY,9508,Middle
ALPINE,29859,High
BOX ELDER,2514,High
CANYONS,12160,High
DAVIS COUNTY,23262,High
GRANITE,22337,High
JORDAN,22325,High
MURRAY CITY,1901,High
NEBO,10496,High
OGDEN CITY,3877,High
PROVO CITY,4610,High
SALT LAKE CITY,6703,High
WEBER COUNTY,10852,High
